Tag Name,Data Type,AccessRights,Simulated
t|MIX.MIXER1.BatchId,IO_String,RW,FALSE
t|MIX.MIXER1.MaterialId,IO_String,RW,FALSE
t|MIX.MIXER1.Status,IO_Int16,RW,FALSE
t|MIX.MIXER1.CleaningLevel,IO_Int16,RW,FALSE
t|MIX.MIXER1.Quantity,IO_Double,RW,FALSE
t|MIX.MIXER1.Running,IO_Boolean,RW,FALSE
t|MIX.MIXER1.FUNCTION.Temperature,IO_Double,RW,FALSE
t|MIX.MIXER1.FUNCTION.TemperatureHighTolerance,IO_Double,RW,FALSE
t|MIX.MIXER1.FUNCTION.TemperatureLowTolerance,IO_Double,RW,FALSE
t|MIX.MIXER1.FUNCTION.Pressure,IO_Double,RW,FALSE
t|MIX.MIXER1.FUNCTION.PressureHighTolerance,IO_Double,RW,FALSE
t|MIX.MIXER1.FUNCTION.PressureLowTolerance,IO_Double,RW,FALSE
t|MIX.MIXER1.FUNCTION.AgitatorSpeed,IO_Double,RW,FALSE
t|MIX.MIXER1.FUNCTION.AgitatorSpeedHighTolerance,IO_Double,RW,FALSE
t|MIX.MIXER1.FUNCTION.AgitatorSpeedLowTolerance,IO_Double,RW,FALSE
t|MIX.MIXER1.OEE.Availability,IO_Double,RW,FALSE
t|MIX.MIXER1.OEE.Performance,IO_Double,RW,FALSE
t|MIX.MIXER1.WO.OrderId,IO_String,RW,FALSE
t|MIX.MIXER1.WO.OrderQuantity,IO_Int32,RW,FALSE
t|MIX.MIXER2.BatchId,IO_String,RW,FALSE
t|MIX.MIXER2.MaterialId,IO_String,RW,FALSE
t|MIX.MIXER2.Status,IO_Int16,RW,FALSE
t|MIX.MIXER2.CleaningLevel,IO_Int16,RW,FALSE
t|MIX.MIXER2.Quantity,IO_Double,RW,FALSE
t|MIX.MIXER2.Running,IO_Boolean,RW,FALSE
t|MIX.MIXER2.FUNCTION.Temperature,IO_Double,RW,FALSE
t|MIX.MIXER2.FUNCTION.TemperatureHighTolerance,IO_Double,RW,FALSE
t|MIX.MIXER2.FUNCTION.TemperatureLowTolerance,IO_Double,RW,FALSE
t|MIX.MIXER2.FUNCTION.Pressure,IO_Double,RW,FALSE
t|MIX.MIXER2.FUNCTION.PressureHighTolerance,IO_Double,RW,FALSE
t|MIX.MIXER2.FUNCTION.PressureLowTolerance,IO_Double,RW,FALSE
t|MIX.MIXER2.FUNCTION.AgitatorSpeed,IO_Double,RW,FALSE
t|MIX.MIXER2.FUNCTION.AgitatorSpeedHighTolerance,IO_Double,RW,FALSE
t|MIX.MIXER2.FUNCTION.AgitatorSpeedLowTolerance,IO_Double,RW,FALSE
t|MIX.MIXER2.OEE.Availability,IO_Double,RW,FALSE
t|MIX.MIXER2.OEE.Performance,IO_Double,RW,FALSE
t|MIX.MIXER2.WO.OrderId,IO_String,RW,FALSE
t|MIX.MIXER2.WO.OrderQuantity,IO_Int32,RW,FALSE
t|FILL.FILLER1.BatchId,IO_String,RW,FALSE
t|FILL.FILLER1.Status,IO_Int16,RW,FALSE
t|FILL.FILLER1.FilledUnits,IO_Int32,RW,FALSE
t|FILL.FILLER1.RejectedUnits,IO_Int32,RW,FALSE
t|FILL.FILLER1.LineSpeed,IO_Double,RW,FALSE
t|FILL.FILLER1.Fault,IO_Boolean,RW,FALSE
t|FILL.SCALE.WEIGHING1.Weight,IO_Double,RW,FALSE
t|FILL.SCALE.WEIGHING1.UoM,IO_String,RW,FALSE
t|FILL.SCALE.WEIGHING1.Weight,IO_Double,RW,FALSE
t|FILL.SCALE.WEIGHING1.UoM,IO_String,RW,FALSE
t|PACK.PACKER1.BatchId,IO_String,RW,FALSE
t|PACK.PACKER1.Status,IO_Int16,RW,FALSE
t|PACK.PACKER1.PackedUnits,IO_Int32,RW,FALSE
t|PACK.PACKER1.ShiftCounter,IO_Byte,RW,FALSE
t|PACK.PACKER1.OperationName,IO_StringIO_String,RW,FALSE
t|TST.TEST1.MyTestTagBoolean,IO_Boolean,RW,FALSE
t|TST.TEST1.MyTestTagInt16,IO_Int16,RW,FALSE
t|TST.TEST1.MyTestTagInt32,IO_Int32,RW,FALSE
t|TST.TEST1.MyTestTagDouble,IO_Double,RW,FALSE
t|TST.TEST1.MyTestTagString,IO_String,RW,FALSE
t|TST.TEST1.MyTestTagByte,IO_Byte,RW,FALSE
t|SYS.Heartbeat,IO_Int32,RW,FALSE
t|SYS.ServerTime,IO_String,RW,FALSE